InputID,TargetID,Distance
1,MCM,0.00346266986459
2,IBM,0.0132774260331
3,IZT,0.0255033121979
4,HGM,0.0123729292409
5,HGM,0.00260749266537
6,MGH,0.015635182954
7,UIZ,0.0374366210791
8,HGM,0.0209376543542
9,MCM,0.013528107075
10,IZT,0.0238722043434
11,MCM,0.00321244505167
12,IZT,0.0308998566364
13,HGM,0.0217570529574
14,UAX,0.0190604387351
15,LPR,0.0348285353224
16,COY,0.0282284385859
17,HGM,0.020949683834
18,MCM,0.0195007342682
19,MCM,0.0189455500474
20,DIC,0.0483806604943
21,MCM,0.00321244505167
22,CAM,0.0162861393535
23,IZT,0.026983303199
24,IZT,0.0229798096496
25,IZT,0.0321934779543
26,HGM,0.0208588175324
27,HGM,0.0102322573253
28,HGM,0.0162554593682
29,COR,0.0333736386506
30,BJU,0.00984879652706
31,MCM,0.0111594086053
32,HGM,0.026055075257
33,MCM,0.0183085481603
34,CAM,0.0173154241603
35,MCM,0.0155200966805
36,MER,0.00454787487761
37,MCM,0.0189388838296
38,MCM,0.00327483858446
39,MCM,0.0232448685468
40,HGM,0.0217044687698
41,UIZ,0.0227465772572
42,UAX,0.0045793780609
43,MCM,0.0274424976451
44,UAX,0.0230003005253
45,UAX,0.036489827664
46,HGM,0.0211584029089
47,MCM,0.0161896821919
48,HGM,0.0143604852598
49,BJU,0.0193001125654
50,CCA,0.0174777804203
51,MCM,0.00224278142207
52,MCM,0.00792481802321
53,HGM,0.0205063268043
54,MCM,0.0196505417421
55,BJU,0.0103016777556
56,HGM,0.0179683010838
57,UIZ,0.0157234026833
58,HGM,0.0159293619227
59,MCM,0.0165809197898
60,IZT,0.0225007525875
61,HGM,0.019548093757
62,COY,0.0217040142738
63,CAM,0.0279508196054
64,HGM,0.0218694267129
65,HGM,0.0220462398969
66,HGM,0.0208032453718
67,LAA,0.0125278932212
68,IZT,0.0254443704584
69,MCM,0.0214920161894
70,HGM,0.014611194006
71,HGM,0.0205812696546
72,HGM,0.0215009433656
73,BJU,0.00226188991086
74,MCM,0.00374333394463
75,HGM,0.0215614071286
76,MCM,0.0103639000242
77,MCM,0.0032782252293
78,MCM,0.00876467232529
79,UIZ,0.0210021430223
80,MCM,0.0189522489018
81,MCM,0.0185160321041
82,MCM,0.019353355307
83,UIZ,0.0133762805537
84,HGM,0.0213850076291
85,HGM,0.0209518875801
86,HGM,0.0213096450764
87,HGM,0.0217870735451
88,NEZ,0.024043921112
89,MCM,0.00422359206114
90,MCM,0.0135272002951
91,HGM,0.0177329594196
92,MCM,0.0108386707326
93,MCM,0.0220132781244
94,MCM,0.00424299006
95,MCM,0.00373649022838
96,MGH,0.0240466354161
97,BJU,0.0245577867671
98,CCA,0.0115509983432
99,BJU,0.0136902681207
100,DIC,0.00135093930285
101,SJA,0.034633725687
102,MER,0.00842224629882
103,MCM,0.0209050660292
104,MCM,0.00906440518626
105,MCM,0.0135258939366
106,MCM,0.0190801676412
107,MCM,0.0192689963744
108,MCM,0.0135377525324
109,HGM,0.0213555443927
110,UIZ,0.0365229551703
111,IZT,0.025362396931
112,MCM,0.0163647104328
113,IZT,0.0288695125763
114,MCM,0.0235769844028
115,MCM,0.0167203949928
116,MCM,0.0135473233619
117,MCM,0.0189129224945
118,HGM,0.0222851697004
119,SHA,0.0313664964699
120,MCM,0.0303500337135
121,MCM,0.00328802988405
122,HGM,0.0213088993895
123,CUA,0.0120132494543
124,MCM,0.00899848534969
125,MCM,0.00321453641411
126,BJU,0.0243243647267
127,HGM,0.0193153962864
128,UIZ,0.0133752958603
129,HGM,0.0303330491431
130,MCM,0.0135092001992
131,MCM,0.00319358259271
132,UIZ,0.0133205845092
133,UIZ,0.0215586069192
134,UIZ,0.0205564303755
135,GAM,0.0067386419897
136,MGH,0.0235576652999
137,NEZ,0.029607979974
138,BJU,0.0225512015736
139,COY,0.0366666448801
140,MCM,0.0104587701282
141,MCM,0.0189504554085
142,MCM,0.0193124182069
143,MGH,0.0234980080862
144,BJU,0.00269240960293
145,UAX,0.0302443689905
146,SJA,0.0158649264365
147,GAM,0.0169141949421
148,MCM,0.0189495936255
149,MCM,0.0194953709624
150,MCM,0.00956395954051
151,MCM,0.0166731197435
152,GAM,0.0172417216449
153,MCM,0.018945016664
154,MCM,0.00788642485541
155,MCM,0.00322040694908
156,MCM,0.0155953429587
157,UAX,0.0274971700362
158,UAX,0.0224748624951
159,BJU,0.029209166951
160,GAM,0.0170783574736
161,MCM,0.0193116873514
162,SHA,0.0284516375092
163,NEZ,0.0397128967844
164,TEC,0.0152462455938
165,DIC,0.00606751113036
166,UAX,0.0401744852912
167,HGM,0.0234595397112
168,MCM,0.0141637831871
169,NEZ,0.036685866202
170,MCM,0.00961374401658
171,BJU,0.0102985940629
172,HGM,0.0217510294653
173,SHA,0.0143186324378
174,HGM,0.0233294863336
175,SHA,0.0173541157357
176,DIC,0.0251662289602
177,CCA,0.0241275691923
178,MCM,0.00321879189846
179,LAA,0.0255253625494
180,SHA,0.0257342513326
181,MCM,0.0123648496132
182,HGM,0.0235109812003
183,HGM,0.0207575187327
184,HGM,0.0196103859467
185,UIZ,0.0141054449303
186,MCM,0.00957474362101
187,MCM,0.00255293106057
188,HGM,0.0255431608021
189,HGM,0.0208557608364
190,MCM,0.0196144913425
191,UIZ,0.0161489287462
192,LOM,0.0251997181154
193,HGM,0.0209466591319
194,HGM,0.0216250858495
195,UAX,0.0339406459811
196,CCA,0.00349288831729
197,HGM,0.0219935414272
198,MCM,0.0170249600102
199,HGM,0.0212965571073
200,UAX,0.0191426198938
201,MCM,0.00794503028797
202,UAX,0.029506887587
203,MER,0.0078248511807
204,MCM,0.0189524419811
205,MCM,0.0195988369266
206,MCM,0.0194996499583
207,MCM,0.0235221644712
208,CCA,0.0137399164319
209,HGM,0.0209221625395
210,MGH,0.0246118671188
211,MCM,0.0193038028553
212,BJU,0.0199365203012
213,BJU,0.0198239729224
214,CCA,0.0114657431345
215,PED,0.0318792367723
216,HGM,0.0103854394018
217,SJA,0.00642316615441
218,LAA,0.0109399756278
219,MCM,0.0189455166149
220,MCM,0.00956761786468
221,HGM,0.0215093944706
222,COR,0.0356519302539
223,IZT,0.0216449946814
224,MCM,0.0195019087487
225,MCM,0.0167427978174
226,MCM,0.00957386302394
227,HGM,0.0146854393742
228,COR,0.0400890319127
229,MCM,0.00956864969575
230,UAX,0.0481136427568
231,MGH,0.0243728736657
232,MCM,0.00319105940284
233,HGM,0.0233379627051
234,BJU,0.0200260271177
235,MCM,0.00960160313949
236,COY,0.00885348988212
237,COY,0.008875063134
238,HGM,0.0190053083282
239,COY,0.0067018167714
240,SJA,0.0195684755354
241,MGH,0.0181179750089
242,HGM,0.0215047291376
243,MCM,0.0160620347971
244,MCM,0.0155856272586
245,HGM,0.0209545674984
246,MCM,0.0196607091999
247,HGM,0.0211997492571
248,COY,0.0148822199429
249,HGM,0.0214997629071
250,MGH,0.0144528545057
251,MCM,0.0193042415744
252,MCM,0.00957189692128
253,SJA,0.00912047967203
254,UAX,0.0352277256824
255,COY,0.0216053623441
256,COY,0.016802692125
257,IZT,0.00794353867853
258,CCA,0.0100252992733
259,MCM,0.00877137904861
260,LAA,0.0126803186688
261,IZT,0.0192499550372
262,DIC,0.0186573367648
263,HGM,0.0235242643455
264,HGM,0.0214970156317
265,MCM,0.00955396535127
266,HGM,0.0202674354282
267,UAX,0.0248781482846
268,IZT,0.0109695457607
269,MCM,0.0235651215466
270,HGM,0.0206343941386
271,UAX,0.0239886154859
272,HGM,0.0204456854887
273,MCM,0.0183659851103
274,SJA,0.0155906572552
275,DIC,0.00287750462207
276,NEZ,0.0208259407401
277,DIC,0.00321446707106
278,MCM,0.0189880263283
279,SJA,0.0182625505012
280,HGM,0.0194065978111
281,MCM,0.0196692752375
282,MER,0.00749382441278
283,HGM,0.0214585387277
284,HGM,0.0232020890041
285,HGM,0.0192856876199
286,MCM,0.00324510652623
287,MCM,0.0120487379219
288,MCM,0.00588164633064
289,MCM,0.00345999752891
290,MER,0.00841252761764
291,HGM,0.0206398685985
292,HGM,0.0175819052524
293,UIZ,0.00754554393958
294,HGM,0.0221383073326
295,IZT,0.0220080787889
296,MCM,0.008747687523
297,MCM,0.0112951017523
298,IZT,0.024613040168
299,MCM,0.0191559172265
300,MCM,0.00957574893715
301,MCM,0.00321244505167
302,IZT,0.0214181960357
303,CAM,0.028605224709
304,MGH,0.0232741492079
305,HGM,0.0209140029381
306,COY,0.00700558157312
307,MCM,0.00503135838745
308,UIZ,0.0162831901968
309,CAM,0.0239541056102
310,MCM,0.00794074020333
311,HGM,0.0201396910887
312,MCM,0.0193020751497
313,HGM,0.0215088074065
314,HGM,0.0234618607064
315,BJU,0.00228379180312
316,UIZ,0.0253602270453
317,MCM,0.0189676718632
318,SJA,0.0394674832529
319,HGM,0.0215041705452
320,MCM,0.019061499154
321,MCM,0.00312308482914
322,BJU,0.0207515229889
323,BJU,0.00245311776513
324,HGM,0.0202118069575
325,MCM,0.00379302392679
326,MCM,0.0144661958727
327,HGM,0.014611194006
328,MCM,0.00297393187788
329,LAA,0.0281974118031
330,PED,0.0165299031273
331,SJA,0.0446727529116
332,MCM,0.00313744271024
333,IZT,0.0192024936116
334,NEZ,0.0285497363619
335,NEZ,0.0240372375184
336,UIZ,0.019731003131
337,UIZ,0.0205485049736
338,LPR,0.0195105062858
339,HGM,0.0261307469021
340,HGM,0.030168281033
341,HGM,0.0209131663427
342,MCM,0.0217122886786
343,MCM,0.0194995609322
344,MCM,0.00311985938827
345,MCM,0.00862915429778
346,BJU,0.00267861430423
347,HGM,0.0185847879142
348,CCA,0.0190751509353
349,BJU,0.0215049390863
350,CCA,0.0153214768328
351,UIZ,0.0173770030986
352,MCM,0.0103284990677
353,SFE,0.0188757981828
354,LPR,0.0193057392659
355,HGM,0.0125170980596
356,MCM,0.0189489065653
357,MCM,0.00682031777782
358,CCA,0.0214973033251
359,LAA,0.0281767581975
360,PED,0.0352033689947
361,NEZ,0.0455875983687
362,BJU,0.0199422837635
363,MCM,0.0194925190008
364,UIZ,0.0345254280938
365,UIZ,0.0198719226269
366,SHA,0.0246721303519
367,UAX,0.0244792084856
368,HGM,0.017346409849
369,MCM,0.00317989910984
370,UIZ,0.0121940754467
371,MCM,0.00876942591226
372,DIC,0.0309928743613
373,MCM,0.0234220606743
374,HGM,0.0177598891213
375,HGM,0.0258382287792
376,HGM,0.024136341766
377,HGM,0.0208613156504
378,MCM,0.0189551454513
379,MCM,0.00958367484283
380,MCM,0.0108733077331
381,MCM,0.0193231604753
382,MCM,0.00948071847226
383,BJU,0.00268557694544
384,UAX,0.0290634836522
385,IZT,0.0254126543842
386,MCM,0.00260912021169
387,MGH,0.0232190629903
388,MGH,0.0224892925252
389,MGH,0.0233292790755
390,MCM,0.00816510478798
391,MCM,0.00707007266254
392,MCM,0.00788254782596
393,HGM,0.021798032318
394,MCM,0.0195882163213
395,HGM,0.0194885516912
396,COR,0.0083074962093
397,MCM,0.00377891022962
398,MCM,0.017205638017
399,MCM,0.0157721735181
400,MCM,0.0234895693194
401,MER,0.00793049300772
402,MER,0.00776689272278
403,MER,0.00241032450586
404,COY,0.0182110816099
405,HGM,0.0214872628988
406,LAA,0.0337277198047
407,HGM,0.0210725488958
408,MCM,0.0112112750323
409,MCM,0.0145115124753
410,UIZ,0.0163470988986
411,HGM,0.014105344972
412,MCM,0.0166662335214
413,PED,0.0196912531448
414,COR,0.0308113233808
415,UAX,0.0272012709269
416,MER,0.00404532992102
417,COY,0.00893829175122
418,UAX,0.0107867039136
419,UAX,0.0208748842768
420,UAX,0.0320372687478
421,HGM,0.0216458528277
422,GAM,0.00531769921113
423,UIZ,0.0283329610372
424,HGM,0.0218397680989
425,COY,0.0125697302051
426,HGM,0.0152697332625
427,MCM,0.0193038796272
428,BJU,0.0199403616597
429,UAX,0.0485538426522
430,IZT,0.0100180417656
431,HGM,0.0216686183892
432,MCM,0.013492420268
433,MCM,0.0115755505356
434,MCM,0.0194189313716
435,MCM,0.0190108210801
436,MCM,0.016478391087
437,HGM,0.0159136704213
438,MCM,0.00542188500431
439,MCM,0.019307673889
440,COY,0.0155886018821
441,COY,0.0153130168392
442,MGH,0.0238706529465
443,SFE,0.0258693568811
444,HGM,0.0218335420969
445,MER,0.00761612643207
446,HGM,0.0234492782533
447,EAJ,0.0627805118143
448,IZT,0.00509205584
449,MCM,0.00292592705737
450,BJU,0.0212032061399
451,MCM,0.00288541092266
452,MCM,0.00956971157977
453,HGM,0.0204997223391
454,HGM,0.0185645880778
455,MGH,0.0238781641221
456,MCM,0.00420500917202
457,MCM,0.0167645959391
458,HGM,0.015249333782
459,MER,0.00783886837815
460,HGM,0.020491631044
461,MER,0.00676202788625
462,HGM,0.0211188772902
463,HGM,0.0209179699487
464,MER,0.00780618562704
465,MCM,0.019448486883
466,MER,0.0257063673277
467,HGM,0.0194592653964
468,MER,0.00452073032734
469,HGM,0.0158974924665
470,BJU,0.016879321243
471,IZT,0.0226113730609
472,HGM,0.0209512488162
473,MCM,0.00325870784865
474,MCM,0.003673131285
475,CCA,0.0153708112256
476,UIZ,0.0219017342219
477,MCM,0.0143606213621
478,LPR,0.0272514781073
479,HGM,0.0153307651363
480,MCM,0.0189424508916
481,MCM,0.0193054717961
482,MCM,0.0121506363485
483,MCM,0.0136918264853
484,MCM,0.0162743339392
485,MCM,0.0219852114385
486,HGM,0.0210971898854
487,MCM,0.00296150872897
488,GAM,0.015782501615
489,AJU,0.0575561858449
490,UIZ,0.0133784844953
491,MCM,0.00251209337186
492,MCM,0.00920633943246
493,MCM,0.0097936705612
494,MCM,0.0233829968027
495,MCM,0.0105270483228
496,MCM,0.00705639782566
497,MCM,0.00866391437922
498,HGM,0.0204993570558
499,MCM,0.01034071861
500,MCM,0.00665429350495
501,HGM,0.0215584527044
502,MCM,0.0192951951791
503,MCM,0.00829022755527
504,MCM,0.00829477364565
505,MER,0.00448043750711
506,MCM,0.0222164381749
507,HGM,0.0212064527012
508,UAX,0.0401750382515
509,HGM,0.0218178799271
510,SFE,0.0179108949737
511,MCM,0.02610903671
512,MCM,0.0191559172265
513,GAM,0.0171511804231
514,UAX,0.0135487638551
515,NEZ,0.0449136583229
516,CUA,0.0149133404282
517,MGH,0.0231790299409
518,COY,0.0184299721604
519,MCM,0.0193318313932
520,CAM,0.0279120699387
521,CAM,0.0227449597186
522,MCM,0.00421066793317
523,CCA,0.0189008539796
524,SJA,0.0171905718687
525,HGM,0.020546694936
526,UIZ,0.016321543058
527,IZT,0.0233613582804
528,CCA,0.0286192354443
529,MCM,0.00894926895164
530,PED,0.0312771571677
531,NEZ,0.0177533539177
532,HGM,0.021196592987
533,MCM,0.019318466843
534,BJU,0.0280718660888
535,MCM,0.0193023679907
536,MCM,0.00366326442347
537,MCM,0.0167043944243
538,MCM,0.00828316376573
539,COY,0.0178860838206
540,LAA,0.010647825019
541,IZT,0.00653776605965
542,MCM,0.0189714976937
543,CCA,0.0217390658472
544,HGM,0.0218606039902
545,SJA,0.0203108053295
546,MCM,0.0193107436137
547,MCM,0.00248361580341
548,MCM,0.0028317672589
549,MCM,0.016329775187
550,MCM,0.0103469933338
551,LAA,0.00488506545481
552,MCM,0.0266046967592
553,MCM,0.0179921277093
554,HGM,0.0193456218449
555,MCM,0.0260881820428
556,UIZ,0.0169460191671
557,CAM,0.0280195114534
558,MCM,0.0193155206626
559,MCM,0.00999666488176
560,COY,0.0157585738591
561,MCM,0.00203623768376
562,MCM,0.0221153762327
563,HGM,0.0232378415669
564,MCM,0.00354074578105
565,UAX,0.0210874022228
566,MCM,0.0095725273464
567,CCA,0.0188885548798
568,DIC,0.0234728707385
569,HGM,0.0192910532998
570,UAX,0.0215248125271
571,IZT,0.0189113925002
572,MCM,0.019688793161
573,MCM,0.00298427546064
574,BJU,0.000999440204884
575,SHA,0.0199571981796
576,MGH,0.0164298287678
577,MCM,0.0095698072192
578,HGM,0.024434500779
579,HGM,0.0235019011266
580,HGM,0.0213001298068
581,MCM,0.0192923612598
582,MCM,0.0085742828161
583,HGM,0.0231592946264
584,GAM,0.0270219695376
585,DIC,0.00806566829294
586,MCM,0.0111479819452
587,MCM,0.00320822912528
588,MCM,0.00281324737399
589,IZT,0.0202206741535
590,MCM,0.0192791134748
591,MCM,0.00297889363833
592,SJA,0.037778791937
593,HGM,0.0214928375403
594,NEZ,0.06048576745
595,MCM,0.0189813803479
596,MCM,0.0127268394417
597,MCM,0.0189476315066
598,HGM,0.020970461037
599,UAX,0.0400670034141
600,HGM,0.0218321759655
601,UIZ,0.037624573973
602,MCM,0.0232452996757
603,MCM,0.00320019640023
604,MCM,0.0165918155799
605,MCM,0.0194981855474
606,CCA,0.0279035824407
607,MCM,0.0134805829622
608,HGM,0.021860783879
609,HGM,0.0207989633193
610,HGM,0.0225042342338
611,BJU,0.0103068620874
612,MCM,0.0193632444231
613,IZT,0.0312392260842
614,HGM,0.0143042448477
615,HGM,0.0176968137087
616,MGH,0.0232396403471
617,HGM,0.020632186288
618,MGH,0.0229248134082
619,HGM,0.017358964134
620,HGM,0.0178046620645
621,MCM,0.00956950557303
622,HGM,0.0245222286508
623,HGM,0.0216631522522
624,HGM,0.0157944018824
625,HGM,0.0194336366569
626,MCM,0.00318605161051
627,BJU,0.00226876572683
628,MCM,0.0034281512289
629,UAX,0.0401749313482
630,UAX,0.0428671600408
631,COY,0.0182050286276
632,HGM,0.0147224164862
633,UIZ,0.0337969830722
634,CAM,0.0227433654051
635,HGM,0.0213034306142
636,HGM,0.0210655818039
637,MCM,0.00315730124682
638,HGM,0.0208980178089
639,MCM,0.0192877856298
640,TEC,0.0156077008695
641,COY,0.00963429036025
642,MCM,0.0261545209277
643,MER,0.00763406949012
644,MCM,0.0178030261309
645,MCM,0.0194811863797
646,MCM,0.00668437340911
647,HGM,0.0129672862408
648,BJU,0.00227259691499
649,SHA,0.0198380696131
650,SHA,0.0148734519543
651,UAX,0.0260708712305
652,UAX,0.0323997893063
653,MCM,0.00521604739257
654,MCM,0.0103906678265
655,DIC,0.00422168285217
656,DIC,0.00801143671433
657,TEC,0.00379305096855
658,UAX,0.0323110742825
659,HGM,0.0252425315493
660,HGM,0.00512480913483
661,UAX,0.0379888497425
662,MCM,0.0194869037087
663,HGM,0.0209598023324
664,MCM,0.00956959930039
665,MCM,0.0234133603111
666,CCA,0.0213985268937
667,CCA,0.0101523946849
668,HGM,0.0204904582855
669,HGM,0.0234539747778
670,MCM,0.00305634441868
671,BJU,0.00227452143706
672,HGM,0.015766640913
673,MCM,0.00302980671311
674,MCM,0.00443925342484
675,MCM,0.00375596238666
676,HGM,0.025244149354
677,CAM,0.0273842461621
678,MCM,0.0189439667551
679,MCM,0.00902487212338
680,MER,0.00358771344119
681,LAA,0.0325243448051
682,IZT,0.0252409210903
683,MCM,0.00329583943232
684,MCM,0.0165466960786
685,HGM,0.0233273355126
686,MGH,0.0177905664866
687,MCM,0.00957178753328
688,MCM,0.00213506825885
689,COY,0.021631578099
690,MCM,0.023615909668
691,CAM,0.0183053537293
692,CAM,0.0268861290619
693,BJU,0.0276907821143
694,MCM,0.00305694966429
695,HGM,0.0159378267905
696,MCM,0.00326301881321
697,HGM,0.0157833787583
698,BJU,0.0274706384604
699,BJU,0.0103022275688
700,CAM,0.0173534451132
701,DIC,0.0115643832193
702,HGM,0.0226252400264
703,TEC,0.0100542616268
704,HGM,0.0214878454547
705,MCM,0.00584325231548
706,UIZ,0.0184151201508
707,HGM,0.0208514988212
708,MCM,0.0193019862344
709,MCM,0.0221637899959
710,MCM,0.0183053435128
711,MCM,0.0193041538497
712,MCM,0.0150605254611
713,MER,0.0238795254551
714,UIZ,0.0132312107507
715,HGM,0.021330861698
716,AJM,0.0230974587354
717,MCM,0.00793703858707
718,TEC,0.0216791373074
719,TEC,0.0105291239241
720,MER,0.00670985877409
721,MCM,0.0117829317877
722,XAL,0.0233394840459
723,LAA,0.028214485021
724,HGM,0.0218165743765
725,COR,0.0447352869314
726,MGH,0.0229686178696
727,MCM,0.0135572475066
728,MCM,0.0189455030967
729,MGH,0.0242390494195
730,MCM,0.00328818759349
731,MCM,0.0193043879117
732,MGH,0.0138391818892
733,MGH,0.0232383119235
734,MCM,0.0135245444655
735,HGM,0.0214236834627
736,HGM,0.0211914250086
737,MCM,0.0032943298718
738,MCM,0.0233838547206
739,BJU,0.002684091399
740,MCM,0.0291728883844
741,MCM,0.0102735535075
742,MCM,0.0291736021716
743,IZT,0.0303464146163
744,BJU,0.00787637003955
745,COR,0.0893035933194
746,MCM,0.00956662724367
747,HGM,0.0243583238781
748,MCM,0.0193057058421
749,BJU,0.00264219762717
750,HGM,0.0208574257767
751,MCM,0.00559747627266
752,CAM,0.0267382583417
753,BJU,0.0146179087057
754,MCM,0.0189880964565
755,PED,0.0423582179767
756,MCM,0.0193070107811
757,MCM,0.00830500113829
758,MCM,0.00261285777066
759,MCM,0.011122739236
760,MGH,0.0180392611377
761,MCM,0.0224014770152
762,HGM,0.0213090459546
763,HGM,0.024052691393
764,MGH,0.0134083117543
765,UAX,0.0229228673943
766,MER,0.0190212257063
767,MCM,0.00684735570423
768,MCM,0.0140313497001
769,UAX,0.0179152565533
770,MCM,0.00873555579443
771,MGH,0.0239913938193
772,MCM,0.00318252996845
773,UIZ,0.0443746850682
774,MCM,0.00326902116082
775,TEC,0.00483841020273
776,MCM,0.00374199343468
777,MCM,0.0216848687397
778,HGM,0.0140111949046
779,MCM,0.0190853313438
780,MCM,0.00213066305766
781,MCM,0.00958320944759
782,MCM,0.0120832747994
783,HGM,0.0205719516866
784,MCM,0.0112818322996
785,DIC,0.0012054880451
786,BJU,0.00225539495909
787,SJA,0.0123842811229
788,MCM,0.0193076399105
789,HGM,0.0207890446308
790,DIC,0.00415361739627
791,MCM,0.0162394432892
792,MCM,0.0217285960572
793,UAX,0.024862846782
794,CCA,0.0407544807353
795,UAX,0.0379671965982
796,DIC,0.0356669605515
797,IZT,0.0206692028459
798,HGM,0.0218458146037
799,MCM,0.0189626009666
800,UAX,0.0322535725397
801,MCM,0.00324730201153
802,MCM,0.0193002000296
803,MCM,0.00829780691559
804,SJA,0.0128995531396
805,IZT,0.0186565067671
806,MER,0.00443234907215
807,HGM,0.020936499618
808,BJU,0.0199377381779
809,MCM,0.00875894539579
810,CCA,0.0197176859979
811,HGM,0.0234621051474
812,UIZ,0.0335057510682
813,UIZ,0.0210544970081
814,NEZ,0.023048933809
815,DIC,0.00406674034086
816,SHA,0.0195288102561
817,UIZ,0.0204261592999
818,UIZ,0.0286720037671
819,NEZ,0.0672072697319
820,MCM,0.0165181329438
821,MCM,0.00665088148948
822,HGM,0.0213526814129
823,UIZ,0.0444337982834
824,HGM,0.0177044357878
825,HGM,0.0209463066635
826,MCM,0.00213940882022
827,HGM,0.0186049190538
828,UIZ,0.0192430157587
829,MCM,0.00548346161563
830,MCM,0.0189431500118
831,HGM,0.0194963566152
832,HGM,0.0159938837491
833,HGM,0.0208503469386
834,IZT,0.021413785504
835,HGM,0.021607852656
836,MCM,0.0189779419369
837,HGM,0.0143637598577
838,MCM,0.0112411705876
839,MCM,0.00957026211763
840,HGM,0.0212279471498
841,IBM,0.0191785399072
842,MCM,0.0103685132833
843,HGM,0.0287113443834
844,HGM,0.0210058764216
845,FAC,0.0356183000641
846,MCM,0.00375677228166
847,MCM,0.00351387852013
848,MCM,0.0193037726984
849,COY,0.0112619829178
850,BJU,0.0196160726443
851,SJA,0.00980582364947
852,SHA,0.0148673724945
853,MER,0.00682241534682
854,CCA,0.027986981606
855,MCM,0.0190139904344
856,UIZ,0.00993536491528
857,MCM,0.0140149809854
858,COR,0.0547604509935
859,MCM,0.0262130007214
860,HGM,0.0252385596093
861,HGM,0.0252310273903
862,MCM,0.015874183363
863,MGH,0.0183537777564
864,MCM,0.018980468349
865,HGM,0.0202099748676
866,UIZ,0.0140667491862
867,GAM,0.0266834787425
868,LPR,0.030279128802
869,BJU,0.0175950242668
870,MCM,0.0136154506719
871,MCM,0.0103456812545
872,MCM,0.0196766719287
873,MGH,0.0132887469469
874,MCM,0.0192924430905
875,MCM,0.00876045281265
876,HGM,0.01818856853
877,MCM,0.0243568493894
878,MCM,0.0224482267228
879,HGM,0.0147698661106
880,MCM,0.00377938315073
881,MGH,0.0165670132326
882,UAX,0.0379796689445
883,MCM,0.0189386317521
884,HGM,0.020848372864
885,HGM,0.0209570478837
886,LAA,0.0125591794198
887,MCM,0.0188600630671
888,IZT,0.0152153258161
889,HGM,0.0209558786263
890,MER,0.00646178132382
891,HGM,0.0260810524711
892,HGM,0.0218185154857
893,MCM,0.019283406266
894,BJU,0.00268546292674
895,TEC,0.014866284137
896,MCM,0.0164949340058
897,HGM,0.0211972044162
898,MCM,0.00375596238666
899,BJU,0.0231412184748
900,UIZ,0.0247911655736
901,MCM,0.00325335780388
902,MCM,0.0189439600258
903,MCM,0.0193058506341
904,BJU,0.0274599238512
905,MCM,0.0108645417179
906,DIC,0.0269438065832
907,BJU,0.027461186299
908,UAX,0.0291427929642
909,BJU,0.0205487565936
910,CAM,0.026729227617
911,HGM,0.0209571087474
912,DIC,0.0253548011993
913,HGM,0.00985480708647
914,HGM,0.00983027079281
915,MCM,0.0234983401271
916,COY,0.00834112139387
917,HGM,0.0209093914471
918,NEZ,0.013395976279
919,HGM,0.0218233343042
920,HGM,0.0209283254231
921,MCM,0.00378705344798
922,MER,0.00842017566088
923,MER,0.0131332313834
924,COY,0.019686553072
925,DIC,0.0233786039229
926,BJU,0.0254559193111
927,MCM,0.00867765531949
928,MCM,0.0167136975302
929,MCM,0.00894067871222
930,HGM,0.0209923929846
931,MCM,0.0165774975385
932,MCM,0.0184152980581
933,LAA,0.0107290392186
934,HGM,0.0186194531609
935,MCM,0.0030978028843
936,UAX,0.0179260892769
937,BJU,0.00242861940905
938,MCM,0.00252160449909
939,MCM,0.0213944196186
940,BJU,0.0141911022449
941,MCM,0.0193052378301
942,MCM,0.00103886623295
943,MCM,0.0160018802958
944,UAX,0.0179145623848
945,UAX,0.0291725901644
946,MCM,0.0103697517039
947,MCM,0.00318179778371
948,MCM,0.0283248604057
949,MCM,0.0240394077697
950,MCM,0.00281503428222
951,BJU,0.0192101491533
952,MCM,0.024068680342
953,HGM,0.0201358513799
954,MCM,0.0193668593468
955,MCM,0.0144620613731
956,HGM,0.0177192040886
957,MCM,0.0115903951039
958,HGM,0.0180154941162
959,MER,0.00774916334099
960,SFE,0.0109693775735
961,MCM,0.0105158052901
962,MCM,0.00320865625493
963,HGM,0.0252241468484
964,UAX,0.0341021062588
965,SJA,0.00951540665153
966,IZT,0.0146282975518
967,MER,0.0258319739253
968,COY,0.0240301582493
969,COR,0.0323876148789
970,MCM,0.0134311136161
971,HGM,0.0238839046657
972,MCM,0.0223754881675
973,BJU,0.0228692177778
974,MCM,0.0103590010272
975,HGM,0.0204793573227
976,HGM,0.0194638215131
977,LAA,0.0240288829421
978,UIZ,0.0223415077963
979,XAL,0.0225864128416
980,HGM,0.021278938976
981,HGM,0.0211846628942
982,HGM,0.0306772751256
983,UIZ,0.0129803940357
984,MCM,0.0158722516831
985,MCM,0.008741539307
986,IZT,0.0307052190989
987,UIZ,0.0174891999374
988,UIZ,0.0444251955554
989,UIZ,0.0213785365821
990,COY,0.00872591976694
991,MCM,0.0163557123263
992,MCM,0.00530719966177
993,LAA,0.019915403483
994,UAX,0.029223244632
995,LAA,0.0255275140222
996,MCM,0.00876791383759
997,MCM,0.0116934710143
998,HGM,0.0254897036194
999,HGM,0.0208776737245
1000,MCM,0.0192591166592
1001,UIZ,0.0184077652923
1002,HGM,0.0213313603428
1003,BJU,0.000992595960089
1004,MCM,0.00312064242408
1005,IZT,0.0145039362158
1006,IZT,0.0221397840586
1007,MCM,0.00665492329083
1008,MCM,0.0066541868544
1009,MCM,0.00794444190666
1010,MCM,0.00878370245967
1011,PED,0.0124474288105
1012,HGM,0.0209675718673
1013,BJU,0.0205457151276
1014,CAM,0.022577845722
1015,LAA,0.0138227259128
1016,NEZ,0.0374246540827
1017,IBM,0.0205486481243
1018,IBM,0.0191697987557
1019,HGM,0.0209440417543
1020,MCM,0.0164893987437
1021,BJU,0.0215851299153
1022,BJU,0.0220229947915
1023,TEC,0.00765282804849
1024,TEC,0.0057571557214
1025,TEC,0.00583496044289
1026,BJU,0.00268214372404
1027,MCM,0.0105303172211
1028,MCM,0.0192474851807
1029,HGM,0.0157368243254
1030,HGM,0.00802928895605
1031,HGM,0.014611194006
1032,IZT,0.016922623713
1033,MCM,0.0192877856298
1034,HGM,0.0143723828983
1035,HGM,0.00418062029521
1036,BJU,0.00225254069788
1037,MER,0.0236998337235
1038,IZT,0.0267209417488
1039,BJU,0.00216791331669
1040,HGM,0.0216242323184
1041,MGH,0.0232960038021
1042,TEC,0.0122067704998
1043,HGM,0.0138920963246
1044,MCM,0.0144252031404
1045,HGM,0.0222508265958
1046,MCM,0.0189646095274
1047,MCM,0.0164894177277
1048,MCM,0.0082625356111
1049,MCM,0.00321244505167
1050,MCM,0.00794735082535
1051,HGM,0.0262486930057
1052,SFE,0.0218549085355
1053,HGM,0.00861187690808
1054,MCM,0.00330463069214
1055,HGM,0.0165612881581
1056,MER,0.00740686330738
1057,BJU,0.0205268138053
1058,BJU,0.0242278146621
1059,BJU,0.0276238010437
1060,BJU,0.0232704677917
1061,BJU,0.0205547977113
1062,TEC,0.014456465006
1063,MGH,0.0207234977859
1064,COY,0.0327637621779
1065,MGH,0.0403036012634
1066,CCA,0.0218947113126
1067,CCA,0.0219280980825
1068,MCM,0.0032846185467
1069,MCM,0.00447642234379
1070,MCM,0.0189287088044
1071,BJU,0.00305194538778
1072,HGM,0.0143853642265
1073,BJU,0.0241875739877
1074,BJU,0.0204288634869
1075,BJU,0.0167724831223
1076,BJU,0.0199714072796
1077,HGM,0.0215026180949
1078,MCM,0.00844916570379
1079,HGM,0.0147712771673
1080,MCM,0.011542287583
1081,COY,0.036664578725
1082,UIZ,0.00992053419468
1083,MCM,0.0141527119751
1084,MCM,0.00329922699902
1085,LAA,0.0178830001834
1086,BJU,0.0137584523724
1087,BJU,0.00268943860102
1088,MCM,0.0141447170451
1089,TEC,0.0287764533045
1090,UAX,0.0369412663742
1091,HGM,0.0180307220599
1092,MCM,0.0249483438507
1093,MCM,0.0110128628992
1094,UIZ,0.0210410812686
1095,MCM,0.0135117856101
1096,HGM,0.0193926481299
1097,CCA,0.0174742254098
1098,IZT,0.00952644964317
1099,HGM,0.0176430791202
1100,MCM,0.00955532245662
1101,HGM,0.0136025424039
1102,DIC,0.036721532005
1103,HGM,0.0194905405118
1104,MGH,0.0366301260465
1105,MCM,0.0234983401271
1106,BJU,0.00360214247613
1107,MCM,0.0189852171435
1108,MCM,0.00955413473656
1109,SHA,0.0222518399853
1110,SHA,0.0210825330799
1111,MCM,0.013531093138
1112,MCM,0.0223821259933
1113,HGM,0.0194810314786
1114,HGM,0.0238807935752
1115,SHA,0.0190957140084
1116,MGH,0.0170647561288
1117,MCM,0.00282273483503
1118,UIZ,0.0155515514422
1119,MER,0.00680376547082
1120,MER,0.00423589632402
1121,MER,0.00553792900047
1122,TEC,0.00878669888186
1123,TEC,0.00877111557136
1124,TEC,0.0154744567343
1125,HGM,0.0204696732982
1126,HGM,0.0209156717955
1127,NEZ,0.0303628701767
1128,MCM,0.0195162400429
1129,MCM,0.0155683956664
1130,MCM,0.00986996436675
1131,MER,0.00612895746599
1132,UAX,0.0386839862703
1133,MCM,0.0167136975302
1134,HGM,0.0214901557622
1135,MCM,0.0190010413508
1136,MCM,0.0135832773695
1137,MCM,0.0192559898022
1138,MER,0.00851630499982
1139,UIZ,0.0129263465836
1140,MCM,0.0193005313584
1141,DIC,0.00228467039198
1142,MCM,0.017218041091
1143,MCM,0.0144738887919
1144,HGM,0.0193138747326
1145,IZT,0.00794204142671
1146,UIZ,0.0133748652804
1147,MCM,0.00395661255076
1148,CCA,0.0279921985235
1149,MGH,0.0137165957365
1150,MCM,0.0240457240461
1151,HGM,0.0176212742788
1152,HGM,0.0253680609904
1153,HGM,0.0209505005494
1154,MCM,0.019243451403
1155,MCM,0.0217729420937
1156,HGM,0.0210074134057
1157,HGM,0.00874235784587
1158,TEC,0.0149866584001
1159,UAX,0.037056669951
1160,HGM,0.020979682829
1161,HGM,0.0206088681212
1162,HGM,0.0165916010758
1163,HGM,0.0145784066426
1164,MCM,0.0034138155289
1165,BJU,0.00231580866874
1166,UAX,0.0290751884871
1167,UAX,0.038769420518
1168,MCM,0.00830162271139
1169,MCM,0.0193169516349
1170,MGH,0.0227819732377
1171,NEZ,0.0248509783123
1172,CCA,0.0189157665108
1173,MCM,0.0216785420054
1174,MGH,0.023278158196
1175,DIC,0.00168296840337
1176,MGH,0.02232834362
1177,COR,0.0117160639541
1178,HGM,0.0231359197449
1179,CAM,0.0284198512925
1180,CAM,0.0284732134756
1181,MCM,0.0240258600838
1182,SJA,0.019491733689
1183,MCM,0.0189469374235
1184,MCM,0.019311680022
1185,MCM,0.0112108056392
1186,MCM,0.00955277798112
1187,IZT,0.0133472311743
1188,COY,0.0217514763867
1189,MCM,0.00975385722794
1190,MCM,0.011119455787
1191,MCM,0.0111528837331
1192,MCM,0.0104197912155
1193,MCM,0.0193002000296
1194,UIZ,0.0341900582949
1195,COR,0.0341146800841
1196,MCM,0.00957223136512
1197,HGM,0.0213127605585
1198,HGM,0.0162662089903
1199,HGM,0.0141052375784
1200,UIZ,0.0204914453189
1201,MCM,0.0220511359476
1202,MCM,0.0192921244727
1203,LAA,0.0240928035885
1204,CCA,0.019930792759
1205,DIC,0.00174145292075
1206,SFE,0.0054936445237
1207,MCM,0.0222177316448
1208,MCM,0.013379219281
1209,HGM,0.0204976267956
1210,MCM,0.0166360739659
1211,MCM,0.0218050958083
1212,MCM,0.0170221510169
1213,MCM,0.0144807873485
1214,MGH,0.0245573111986
1215,SJA,0.0195757024236
1216,NEZ,0.0240003231935
1217,NEZ,0.0303228989181
1218,UIZ,0.0206396003061
1219,COY,0.0366560531087
1220,HGM,0.0236077709566
1221,MGH,0.0197504978846
1222,TEC,0.0229288281723
1223,LAA,0.022793198232
1224,MCM,0.0192970961219
1225,LOM,0.0209008660453
1226,LOM,0.0231212332029
1227,MGH,0.0254651498708
1228,MCM,0.00225589727526
1229,MER,0.00775263129801
1230,HGM,0.0282213306249
1231,TEC,0.0108001817839
1232,MGH,0.0142187783164
1233,MCM,0.0194472113952
1234,MER,0.00675544115417
1235,MER,0.00665032948573
1236,UIZ,0.0343396701657
1237,SJA,0.00800011945974
1238,UAX,0.0292219924759
1239,MCM,0.0105578175893
1240,CCA,0.0187769854581
1241,MCM,0.0189157905426
1242,UIZ,0.0183903616746
1243,MCM,0.00321750215285
1244,MCM,0.0193088746369
1245,SJA,0.0145371777351
1246,CAM,0.0162426081529
1247,MER,0.0220151317301
1248,CAM,0.0106758079787
1249,CAM,0.0186912931072
1250,SJA,0.0249086336602
1251,CAM,0.00298580883321
1252,SJA,0.0170641647671
1253,TEC,0.0102841469909
1254,UAX,0.0296069966159
1255,TEC,0.0152471610083
1256,IZT,0.0308495958017
1257,CCA,0.0233331560838
1258,MCM,0.0135485111665
1259,MGH,0.00618178187311
1260,LAA,0.0240751079608
1261,CAM,0.0147284693963
1262,LAA,0.0154414361058
1263,MCM,0.00281249973743
1264,MCM,0.00791991300577
1265,LAA,0.0352073025767
1266,COY,0.0307335234334
1267,CAM,0.0252851081489
1268,COY,0.0365987106013
1269,UAX,0.0331139706487
1270,MCM,0.0182605211015
1271,MCM,0.0181685071453
1272,CAM,0.0278607613243
1273,MER,0.00449471362583
1274,UAX,0.0443978260865
1275,LAA,0.0325191951799
1276,DIC,0.040528153092
1277,DIC,0.0153477507273
1278,CAM,0.0139778157678
1279,CAM,0.013859000336
1280,MGH,0.0239948367934
1281,MCM,0.0281650967866
1282,MGH,0.0242666959219
1283,MGH,0.0169874803327
1284,CAM,0.0175128326544
1285,COR,0.0418569334803
1286,MCM,0.0189632399908
1287,HGM,0.0218734078685
1288,HGM,0.0209731479816
1289,COY,0.0366284106082
1290,TEC,0.0286053591745
1291,IZT,0.0223447407204
1292,LAA,0.0155475336487
1293,MCM,0.0108964689531
1294,COY,0.0158517898432
1295,MER,0.00735840362714
1296,IZT,0.0180720928179
1297,CAM,0.0138746744456
1298,LAA,0.0122365196285
1299,MER,0.00736029126923
1300,CAM,0.0167186352552
1301,CAM,0.0164180919443
1302,MCM,0.00301313051275
1303,HGM,0.0169231803916
1304,LAA,0.0189080714493
1305,MCM,0.0218693207079
1306,HGM,0.0265977570348
1307,HGM,0.0259690394441
1308,MCM,0.0192744429833
1309,MCM,0.0190937373043
1310,LAA,0.00487413023907
1311,MCM,0.0233278596793
1312,CAM,0.0251732345526
1313,MCM,0.0250549025608
1314,MCM,0.0115481584332
1315,MCM,0.0164588984495
1316,BJU,0.0215284713396
1317,MGH,0.0241455859736
1318,CAM,0.016550679283
1319,IZT,0.0254015377714
1320,MCM,0.0105578175893
1321,UAX,0.0311261766935
1322,MCM,0.0044007599571
1323,MCM,0.00743961557913
1324,MER,0.00940179064734
1325,UIZ,0.0285294285118
1326,NEZ,0.0306479847419
1327,MCM,0.00785372649217
1328,MCM,0.0060531910257
1329,HGM,0.0234533376799
1330,MCM,0.0169954763467
1331,CAM,0.0140995797309
1332,MCM,0.0224341692862
1333,MCM,0.0161731126072
1334,MCM,0.0133870761516
1335,MCM,0.0190397383516
1336,COY,0.0367157970609
1337,MCM,0.0140590872956
1338,MCM,0.0234427105301
1339,CAM,0.011286044041
1340,HGM,0.0220926208247
1341,CAM,0.025305989952
1342,HGM,0.0219958292591
1343,TEC,0.0191133784212
1344,COY,0.0173484066465
1345,MCM,0.0151013782155
1346,MCM,0.0219107991427
1347,MCM,0.0284307934667
1348,HGM,0.0216754540437
1349,CCA,0.0241336375983
1350,BJU,0.01367345494
1351,COY,0.0366432269981
1352,SHA,0.0211180662607
1353,HGM,0.0260737393933
1354,HGM,0.0167265402235
1355,HGM,0.0235397447528
1356,MCM,0.00440788907247
1357,BJU,0.003575173586
1358,UAX,0.0294841384442
1359,BJU,0.0025897556474
1360,TAH,0.00919597177902
1361,UIZ,0.0133218775925
1362,MGH,0.0233855756611
1363,MGH,0.0234255207103
1364,MGH,0.0138269603697
1365,MGH,0.0136196998976
1366,UAX,0.0290362635682
1367,UAX,0.0369309387609
1368,COY,0.032127400202
1369,HGM,0.0268905561494
1370,DIC,0.00027237044334
1371,MCM,0.0223004178284
1372,BJU,0.00275325810538
1373,BJU,0.0204909244676
1374,MCM,0.0193098084852
1375,NEZ,0.017918519403
1376,HGM,0.0208414577813
1377,SHA,0.0209954454486
1378,SHA,0.0210750845361
1379,LAA,0.0315511928323
1380,HGM,0.020901060748
1381,MGH,0.0310858405624
1382,MCM,0.00321244505167
1383,DIC,0.000139032342536
1384,HGM,0.0188274490999
1385,HGM,0.0205971373593
1386,MCM,0.0193777504459
1387,DIC,0.00426316027027
1388,BJU,0.0215438028861
1389,CAM,0.0174991057172
1390,CAM,0.0239892745695
1391,HGM,0.0208287925974
1392,MCM,0.0103484236297
1393,MCM,0.00438933704879
1394,HGM,0.0141008510548
1395,HGM,0.0142911321714
1396,IZT,0.0308338253214
1397,IZT,0.0307983990326
1398,IZT,0.0313011719083
1399,MCM,0.00956523825685
1400,UIZ,0.0198540065478
1401,BJU,0.013198128087
1402,BJU,0.0102368864895
1403,MCM,0.00961028312856
1404,MCM,0.011566179885
1405,HGM,0.0185599987901
1406,CAM,0.0146478191192
1407,CAM,0.0146637995711
1408,MCM,0.00281005339515
1409,LAA,0.00467156063224
1410,TEC,0.00374236678615
1411,TEC,0.00362883212339
1412,LAA,0.031919210361
1413,SFE,0.0263073958042
1414,MCM,0.0263823035253
1415,UAX,0.0291449200741
1416,COY,0.0294124260835
1417,MGH,0.0239659120067
1418,HGM,0.0278693104163
1419,MGH,0.0168884643042
1420,MCM,0.0135138049818
1421,MCM,0.0166728275886
1422,MCM,0.00875906806199
1423,MCM,0.0217570523398
1424,UAX,0.0401146019569
1425,TEC,0.0156604428225
1426,LPR,0.0289111393356
1427,CCA,0.0163216770511
1428,TEC,0.00348183720613
1429,IZT,0.0285392736178
1430,SJA,0.00565258999854
1431,MCM,0.00425413905583
1432,HGM,0.0263060237698
1433,CCA,0.0168279859966
1434,HGM,0.0235894005905
1435,HGM,0.0204917948945
1436,MCM,0.0135322055205
1437,MCM,0.00444679438005
1438,MCM,0.0138471506774
1439,HGM,0.0209482891729
1440,UAX,0.0182988458597
1441,UAX,0.0224914489081
1442,MGH,0.0137840290888
1443,HGM,0.0176232841135
1444,MCM,0.0190440775502
1445,MCM,0.00294423626379
1446,MCM,0.014055515162
1447,MCM,0.00957846499184
1448,AJM,0.0221203643373
1449,TLA,0.0346835056902
1450,MGH,0.0237588673042
1451,BJU,0.00227682486112
1452,UAX,0.0405550939822
1453,DIC,0.0312289540127
1454,DIC,0.0253412643399
1455,HGM,0.0221310832707
1456,GAM,0.00479608421022
1457,HGM,0.0193633637104
1458,MCM,0.00919281621625
1459,MCM,0.00939711704043
1460,PED,0.0167168970652
1461,CAM,0.0199619489721
1462,COY,0.00415308372297
1463,TEC,0.0156688035462
1464,UIZ,0.00179687334991
1465,TLA,0.0296087434243
1466,UAX,0.00448352353531
1467,BJU,0.0366447775204
1468,SJA,0.0225753832257
1469,HGM,0.0235511582738
1470,COY,0.00455045452015
1471,MER,0.00774853453183
1472,MCM,0.0192791134748
1473,PED,0.019710314032
1474,COY,0.00497908219373
1475,MCM,0.0030290472314
1476,MCM,0.00304694578932
1477,UAX,0.0292784151463
1478,CCA,0.0174797435479
1479,MCM,0.0164952883559
1480,HGM,0.0209304511637
1481,HGM,0.0208008239233
1482,HGM,0.0209361767974
1483,IZT,0.0153706815572
1484,HGM,0.0234370667979
1485,TEC,0.0198994760597
1486,SJA,0.0237910681276
1487,TEC,0.00610718744511
1488,DIC,0.000381234149679
1489,MGH,0.0238217147236
1490,HGM,0.0212070377209
1491,BJU,0.0217008075077
1492,MCM,0.0121765843664
1493,TEC,0.00483841020273
1494,MCM,0.0192810729703
1495,TEC,0.00581265029826
1496,COY,0.0184898398384
1497,MCM,0.00226193195263
1498,UAX,0.0611797970255
1499,UAX,0.0401315322147
1500,HGM,0.0150230365308
1501,CAM,0.0225036960513
1502,HGM,0.0165689630937
1503,LOM,0.0233853470348
1504,MCM,0.0249376182435
1505,HGM,0.0226234783192
1506,NEZ,0.0295983989376
1507,HGM,0.0178255348043
1508,COY,0.0127288088126
1509,IZT,0.0188781067433
1510,PED,0.0315708499069
1511,DIC,0.0327330886991
1512,DIC,0.0252194874533
1513,MCM,0.0216557763833
1514,CAM,0.017369235408
1515,UIZ,0.0133721046336
1516,HGM,0.0261323012442
1517,MCM,0.0103498953742
1518,MCM,0.00957239351907
1519,MGH,0.0267025639979
1520,BJU,0.00225288633144
1521,MGH,0.0133130959261
1522,MER,0.00775741254507
1523,MCM,0.0195007342682
1524,CAM,0.030607370577
1525,SJA,0.0394801482366
1526,UAX,0.0349773116616
1527,MER,0.0163842624689
1528,UIZ,0.00346333439531
1529,UAX,0.0218197886065
1530,MGH,0.0228174569502
1531,MCM,0.0200047258469
1532,COY,0.0240105859614
1533,HGM,0.0209454969779
1534,HGM,0.0218684236087
1535,MCM,0.00993000327852
1536,AJM,0.0200762171363
1537,UAX,0.0208545471747
1538,NEZ,0.0316842298793
1539,HGM,0.0218197859076
1540,TLA,0.0287740764814
1541,HGM,0.0281795609352
1542,UAX,0.0235276275408
1543,HGM,0.0208286339494
1544,HGM,0.020717767434
1545,NEZ,0.0397182079778
1546,MCM,0.0166521743345
1547,MCM,0.00375530585433
1548,MCM,0.0100417081986
1549,MCM,0.0162618949932
1550,DIC,0.000402337370849
1551,UAX,0.0339482915555
1552,MER,0.00683153837179
1553,COY,0.00414318765174
1554,HGM,0.0212814448456
1555,TEC,0.0100109134471
1556,MGH,0.0271031206339
1557,DIC,0.0233257594036
1558,UAX,0.0340057359335
1559,IZT,0.0214210128395
1560,DIC,0.00894404870571
1561,MCM,0.00910614249088
1562,HGM,0.0217651435754
1563,HGM,0.0229525861906
1564,SHA,0.0198377475821
1565,CCA,0.0188834874559
1566,EAJ,0.0333587243948
1567,COY,0.0151276865325
1568,UAX,0.0487845896596
1569,COR,0.040123506731
1570,IZT,0.0271611182355
1571,IZT,0.03074020476
1572,COY,0.00886223408912
1573,HGM,0.024035229823
1574,CCA,0.0199191963815
1575,UAX,0.0191652492633
1576,DIC,0.0233465495862
1577,IZT,0.0319541679496
1578,PED,0.013849822775
1579,MCM,0.00841329386765
1580,TLA,0.0287039742544
1581,CCA,0.0147682974704
1582,NEZ,0.0266441576111
1583,COR,0.0894258995786
1584,MCM,0.00285618102998
1585,CCA,0.0382338410312
1586,MCM,0.0105578175893
1587,MCM,0.00329510604988
1588,MCM,0.0238026953858
1589,EAJ,0.062962351312
1590,MCM,0.0222091481916
1591,MCM,0.00327130224884
1592,MER,0.0239392491036
1593,MCM,0.0192828729421
1594,BJU,0.0137520809875
1595,MCM,0.0220126705681
1596,HGM,0.0175925712059
1597,NEZ,0.0197716497757
1598,MGH,0.0106917212208
1599,HGM,0.0237715343609
1600,SJA,0.0446543586404
1601,MER,0.00217096128654
1602,IBM,0.00435875681818
1603,MCM,0.0102950850725
1604,NEZ,0.0108663253469
1605,NEZ,0.0108804838667
1606,HGM,0.0214097730305
1607,MER,0.00776871346361
1608,UAX,0.038754953045
1609,MCM,0.0163059572123
1610,PED,0.0398192482601
1611,UIZ,0.0191434118171
1612,MCM,0.0188454095641
1613,MCM,0.0107661390104
1614,MCM,0.00368049624399
1615,HGM,0.0192214178504
1616,HGM,0.0209185461612
1617,HGM,0.0139447264742
1618,UAX,0.00515086629497
1619,UAX,0.0387435008023
1620,LOM,0.0208957770633
1621,MCM,0.00875206587041
1622,IZT,0.027192835598
1623,MER,0.0253788547773
1624,IZT,0.0267058930171
1625,MCM,0.00641442967458
1626,BJU,0.0180761055076
1627,BJU,0.0170221056835
1628,HGM,0.0191925832535
1629,IBM,0.0122934072094
1630,IBM,0.0123873574257
1631,MCM,0.00251656077452
1632,MCM,0.00957178753333
1633,HGM,0.0211707231584
1634,MCM,0.00640832665806
1635,MCM,0.00327430862932
1636,MCM,0.00794326865969
1637,PED,0.0426538049708
1638,IZT,0.0219995063772
1639,LAA,0.0178186798929
1640,LAA,0.0140577210286
1641,LAA,0.0158152817631
1642,TEC,0.013179009135
1643,LAA,0.0159987651845
1644,LAA,0.0203795750751
1645,MCM,0.0261522114919
1646,HGM,0.0227149579535
1647,HGM,0.0212634126359
1648,MCM,0.0191918056756
1649,BJU,0.0313507811309
1650,MCM,0.0169505190959
1651,MCM,0.0143317584956
1652,MCM,0.0240834498799
1653,DIC,0.00435340506608
1654,MCM,0.00871134423041
1655,HGM,0.0218495508659
1656,HGM,0.0208385791712
1657,DIC,0.000408977877624
1658,UAX,0.0802236964028
1659,MER,0.0077469535928
1660,MCM,0.0126780433703
1661,MCM,0.00957293411437
1662,MCM,0.0167045760194
1663,CAM,0.0218588677732
1664,MCM,0.0095804384996
1665,HGM,0.0261815491795
1666,MCM,0.00794417317094
1667,DIC,0.000268286512291
1668,CAM,0.0241228788664
1669,MCM,0.00259198963154
1670,MGH,0.0137470078549
1671,MER,0.00532637467006
1672,MCM,0.0220063154995
1673,HGM,0.0213268073666
1674,MCM,0.0193216996199
1675,HGM,0.0209558839883
1676,LAA,0.0070073088907
1677,SJA,0.0259795387036
1678,DIC,0.0195176448116
1679,NEZ,0.0208258160466
1680,LOM,0.0206376222801
1681,UAX,0.0362373489908
1682,SJA,0.0157390451274
1683,UIZ,0.00277863240661
1684,MER,0.00685231204484
1685,MER,0.0060846289272
1686,TLA,0.0186653090339
1687,NEZ,0.0310184670756
1688,MGH,0.0227721788779
1689,MGH,0.0137966335517
1690,BJU,0.0314907278757
1691,HGM,0.0205502540922
1692,CCA,0.0182750692612
1693,UAX,0.00454760350876
1694,DIC,0.00424323219492
1695,MCM,0.0166768998756
1696,MGH,0.0189178255801
1697,SHA,0.0222845149052
1698,MCM,0.0193099250767
1699,MCM,0.00380491980993
1700,HGM,0.0159729014407
1701,HGM,0.0263063273268
1702,MCM,0.0102549784633
1703,COR,0.0289289173539
1704,CCA,0.0382145563304
1705,COY,0.00105532428385
1706,MCM,0.0121496748174
1707,HGM,0.0217390306127
1708,COY,0.00879619631428
1709,MER,0.00775728702568
1710,HGM,0.020492185466
1711,HGM,0.020962993483
1712,BJU,0.00228484913214
1713,HGM,0.0205731991749
1714,MCM,0.00594766253147
1715,MCM,0.00955938381377
1716,MCM,0.00346910547583
1717,PED,0.0166372458516
1718,MCM,0.0090223768187
1719,MGH,0.02566211527
1720,MGH,0.0256644852672
1721,NEZ,0.0318183401989
1722,UAX,0.0456065671327
1723,COR,0.0509917390449
1724,COY,0.010815888017
1725,CCA,0.0214116540487
1726,CCA,0.0206731600664
1727,CCA,0.0141025964716
1728,CCA,0.0175803441377
1729,MCM,0.0151609116698
1730,CCA,0.0187511394249
1731,LOM,0.0226476627403
1732,NEZ,0.0314119624116
1733,UIZ,0.016034947998
1734,MGH,0.00265679152281
1735,MGH,0.00787850495791
1736,DIC,0.026194650931
1737,COR,0.0284493394651
1738,CCA,0.0127431142216
1739,COR,0.0300474013718
1740,UAX,0.035028957902
1741,UAX,0.00463442101874
1742,UAX,0.0395639166095
1743,UIZ,0.0101782143356
1744,TLA,0.02722597202
1745,UIZ,0.0298838331117
1746,HGM,0.020852061241
1747,NEZ,0.0407631721513
1748,IZT,0.0176702286364
1749,HGM,0.0261914554297
1750,MGH,0.0297439449849
1751,MCM,0.00376116087657
1752,MCM,0.0143438570812
1753,MCM,0.0220693683956
1754,HGM,0.0209184476145
1755,MCM,0.0221464752845
1756,MCM,0.0184750361975
1757,MCM,0.0165696772562
1758,SJA,0.0226708967127
1759,MCM,0.00321244505167
1760,MCM,0.00326917149975
1761,MCM,0.0234792823265
1762,BJU,0.0222673085895
1763,TEC,0.0157219719305
1764,UAX,0.0276817538119
1765,MGH,0.0209433834182
1766,LAA,0.0152371135173
1767,HGM,0.0209126306862
1768,HGM,0.0125010767262
1769,MGH,0.0143195800309
1770,TEC,0.00293190681571
1771,IZT,0.0169677294452
1772,MER,0.0136224643601
1773,MCM,0.0262762635984
1774,MER,0.00749982400327
1775,BJU,0.0022786286287
1776,LAA,0.00710353886246
1777,PED,0.0108477232742
1778,TEC,0.0149053615217
1779,NEZ,0.0306104386109
1780,HGM,0.0215285676236
1781,UIZ,0.027062806899
1782,NEZ,0.0318886528994
1783,IZT,0.0299547264606
1784,PED,0.0350326828274
1785,MCM,0.0240037944428
1786,HGM,0.0218554558646
1787,MCM,0.00334055131979
1788,MGH,0.0235949037695
1789,NEZ,0.0242408759596
1790,COY,0.013911173615
1791,UAX,0.0164977338331
1792,MCM,0.0117198986118
1793,CCA,0.0381397653437
1794,MER,0.00756781737494
1795,TAH,0.00586722262749
1796,SHA,0.00713369387289
1797,CAM,0.0234840163094
1798,UAX,0.0438948550316
1799,UAX,0.0230387354935
1800,UIZ,0.0224053362271
1801,MGH,0.024348568231
1802,UIZ,0.0224443859266
1803,MGH,0.0240402756723
1804,MGH,0.027011223374
1805,PED,0.0122340936632
1806,COR,0.0323801695871
1807,MCM,0.0188235760208
1808,IZT,0.0270695448615
1809,DIC,0.00559190010502
1810,MER,0.0155923300872
1811,HGM,0.0258922738502
1812,HGM,0.021359203117
1813,MCM,0.0168697425164
1814,MCM,0.018507982973
1815,CCA,0.0255528786465
1816,MCM,0.0189379542094
1817,CCA,0.00991296346574
1818,CCA,0.0122268054437
1819,CCA,0.0262047998199
1820,CCA,0.0381674933414
1821,HGM,0.0215905705736
1822,MCM,0.0171439411088
1823,MCM,0.0230605898836
1824,MCM,0.00899153180965
1825,MCM,0.00605783665758
1826,CUA,0.0178710643746
1827,MCM,0.00957277778733
1828,HGM,0.0112595218538
1829,MCM,0.0190380413278
1830,HGM,0.0230195169098
1831,DIC,0.00431312107064
1832,MGH,0.0222225632338
1833,MGH,0.0264383779669
1834,MCM,0.0108628438726
1835,HGM,0.0215716419497
1836,BJU,0.02078571599
1837,UAX,0.0312387373372
1838,CCA,0.0136868209392
1839,HGM,0.0194089216612
1840,MCM,0.019298133151
1841,MGH,0.0156440600692
1842,MGH,0.0245977752283
1843,MGH,0.0260264847695
1844,MGH,0.0270389900679
1845,UIZ,0.0184221562758
1846,IZT,0.0172315854751
1847,MGH,0.0104257487793
1848,MCM,0.0189870835854
1849,LAA,0.00484135782727
1850,TLA,0.0346670354709
1851,MCM,0.0193098084852
1852,MCM,0.0193141470155
1853,MCM,0.014401690181
1854,TLA,0.0346350638709
1855,MCM,0.0079805919536
1856,BJU,0.0119042574512
1857,COY,0.0257202436276
1858,MCM,0.0141463666451
1859,MCM,0.00844278690064
1860,HGM,0.0209453920287
1861,BJU,0.0151205577093
1862,BJU,0.024262012143
1863,IZT,0.00458041256711
1864,HGM,0.0272467072873
1865,MER,0.00678857610775
1866,DIC,0.0195171609034
1867,CUA,0.00770611309803
1868,IZT,0.00510747619898
1869,UIZ,0.0286891391065
1870,PED,0.0181998543619
1871,SJA,0.0178950352082
1872,SHA,0.0161424770885
1873,UIZ,0.0184030823373
1874,UIZ,0.0245161519892
1875,SJA,0.00697515569857
1876,TEC,0.00799690619196
1877,UAX,0.0298623042488
1878,UAX,0.0314124950423
1879,SJA,0.00990653111639
1880,HGM,0.015325937049
1881,MCM,0.0217265634072
1882,MER,0.0201002017196
1883,MCM,0.00264372529776
1884,MCM,0.0104769215364
1885,MCM,0.00830669033532
1886,MER,0.0227719679053
1887,HGM,0.0209389764053
1888,LAA,0.010616744953
1889,MCM,0.00789248514809
1890,DIC,0.00428318517461
1891,SJA,0.0248108268894
1892,SJA,0.0248062835497
1893,MCM,0.0265023119839
1894,CCA,0.0148812667472
1895,IZT,0.0325436723923
1896,NEZ,0.0304286778678
1897,MCM,0.0189837389482
1898,MCM,0.0178538197608
1899,MCM,0.0189606970473
1900,CCA,0.0100829559158
1901,IZT,0.0145024272875
1902,HGM,0.0188064714483
1903,MCM,0.0039475062115
1904,MCM,0.00901443728741
1905,MCM,0.00835719463162
1906,BJU,0.0253994965003
1907,BJU,0.0246482088007
1908,MCM,0.0105076211687
1909,MCM,0.0264785526092
1910,UIZ,0.0107911404296
1911,LAA,0.0352421734754
1912,SHA,0.0163956645374
1913,PED,0.0180878474906
1914,SJA,0.00912301308915
1915,UIZ,0.00983641641776
1916,DIC,0.021669644285
1917,MGH,0.0240876579893
1918,MCM,0.00296168765934
1919,MER,0.0136215492343
1920,IZT,0.00477521843347
1921,CUT,19275.277814
1922,MCM,0.0192642367192
1923,MCM,0.016837878609
1924,MCM,0.0162044692458
1925,BJU,0.0244350691836
1926,LOM,0.0251773466719
1927,LOM,0.0214399810558
1928,HGM,0.0249559560491
1929,UAX,0.0122608241782
1930,HGM,0.0209389919344
1931,LOM,0.0199821477937
1932,COY,0.0148552928247
1933,LOM,0.0233646290225
1934,CAM,0.0274748460121
1935,BJU,0.0269360833673
1936,BJU,0.0259476940209
1937,TEC,0.0101201072129
1938,NEZ,0.0490097905009
1939,UAX,0.0403531887172
1940,PED,0.0153431193862
1941,UAX,0.040487210193
1942,CAM,0.0173391819559
1943,LAA,0.0155348673842
1944,GAM,0.00979372607594
1945,TEC,0.0152448669278
1946,MCM,0.021829833286
1947,UAX,0.0458572583195
1948,UAX,0.0229152172296
1949,HGM,0.0175254305568
1950,MCM,0.00914045189506
1951,BJU,0.0229661295899
1952,NEZ,0.0385111207556
1953,IBM,0.0139075875652
1954,TEC,0.0214847768619
1955,TLA,0.0286278639486
1956,HGM,0.0208851959059
1957,MCM,0.00955534077723
1958,HGM,0.0213596434016
1959,UIZ,0.0345125334747
1960,TEC,0.0095336115344
1961,HGM,0.0258353627917
1962,LAA,0.0108526051804
1963,LAA,0.0152371135173
1964,MCM,0.0180539193598
1965,MCM,0.00365961692667
1966,BJU,0.0257183601154
1967,TEC,0.00774934908491
1968,UAX,0.0257881900358
1969,HGM,0.0213876858529
1970,SFE,0.0320989657272
1971,MGH,0.0204987570613
1972,MCM,0.0266267373885
1973,PED,0.0168091159327
1974,IBM,0.0138985318981
1975,HGM,0.015563848198
1976,CAM,0.0342227698533
1977,HGM,0.0168947097072
1978,HGM,0.0218708961586
1979,BJU,0.0238808321557
1980,TLA,0.0286514597776
1981,HGM,0.0245283834989
1982,MCM,0.021788617642
1983,HGM,0.0245276712435
1984,MCM,0.0193056367901
1985,MGH,0.0139318535066
1986,UIZ,0.0165767235376
1987,HGM,0.0218190642287
1988,MCM,0.00576570218445
1989,MCM,0.00368627832626
1990,CAM,0.0199097708165
1991,PED,0.00906924839333
1992,BJU,0.0252794223001
1993,BJU,0.0222492343234
1994,CCA,0.0285857080238
1995,HGM,0.017085770071
1996,HGM,0.0176941958958
1997,HGM,0.0209308385198
1998,TLA,0.0272543212121
1999,TAH,0.0302305157798
2000,MCM,0.0211649380885
2001,MGH,0.0234885212225
2002,MCM,0.0165347441516
2003,GAM,0.0141051936589
2004,PED,0.0166413628511
2005,UAX,0.0398728218754
2006,MCM,0.0135090722364
2007,MER,0.0172910769814
2008,DIC,0.000204082238115
2009,BJU,0.0304576161347
2010,AJM,0.0233507326665
2011,BJU,0.0216840155883
2012,MCM,0.018469807351
2013,MGH,0.00384948445379
2014,BJU,0.0146144112729
2015,MGH,0.00798751136021
2016,DIC,0.0138725361186
2017,HGM,0.0209287339217
2018,BJU,0.0206745190592
2019,MGH,0.0145074569301
2020,MCM,0.00320695274833
2021,LAA,0.00653093942719
2022,MCM,0.0135167417858
2023,MCM,0.00673399230781
2024,MCM,0.003261385673
2025,BJU,0.0229802153837
2026,CCA,0.0141791734819
2027,HGM,0.0209267839841
2028,CAM,0.0225103249934
2029,MCM,0.0110272127846
2030,MGH,0.0270901664145
2031,MGH,0.0260698287295
2032,SJA,0.0156746087066
2033,MCM,0.0238608444923
2034,MCM,0.016565134005
2035,MCM,0.00664277075125
2036,UAX,0.032249906437
2037,HGM,0.011325530914
2038,BJU,0.029112084169
2039,BJU,0.0282925869588
2040,BJU,0.0227790214364
2041,BJU,0.0244794718914
2042,MER,0.00675246887583
2043,COY,0.000840510850611
2044,SHA,0.019827140025
2045,SHA,0.0198376117143
2046,CCA,0.0173800602486
2047,UIZ,0.0206634997067
2048,TEC,0.00475291171547
2049,DIC,0.00110234317867
2050,MCM,0.0240043492707
2051,MCM,0.00750943259707
2052,GAM,0.00148269562405
2053,IBM,0.0131084920645
2054,MCM,0.00319095704924
2055,TEC,0.00709613258568
2056,PED,0.0426627269953
2057,MGH,0.0135231182178
2058,TEC,0.00887439575973
2059,MGH,0.0136269266161
2060,MCM,0.00956782716383
2061,MCM,0.0161529575509
2062,TEC,0.0061065002096
2063,TLA,0.0271979243006
2064,DIC,0.00125735275774
2065,SJA,0.0191421858229
2066,TEC,0.0090549340721
2067,MCM,0.00731990622348
2068,BJU,0.0253031915666
2069,TEC,0.014729005793
2070,HGM,0.0139892958883
2071,UAX,0.0275186652883
2072,HGM,0.0209465110301
2073,BJU,0.0242562768443
2074,MCM,0.02816134159
2075,CCA,0.0217666028585
2076,MER,0.00664065548374
2077,MCM,0.010345676958
2078,MCM,0.0166843578507
2079,DIC,0.0243867486288
2080,MER,0.00846573674653
2081,DIC,0.00425583636223
2082,DIC,0.00377425285984
2083,DIC,0.00378419347417
2084,HGM,0.0239699495924
2085,HGM,0.0252659879008
2086,HGM,0.0159165772588
2087,BJU,0.0215716414704
2088,BJU,0.0227404776374
2089,UAX,0.0299355597946
2090,UAX,0.0412927613807
2091,UAX,0.0346941099381
2092,UAX,0.0416397184026
2093,MCM,0.00248437984615
2094,LAA,0.0142872104445
2095,CCA,0.0151397246077
2096,MER,0.0257084180233
2097,MER,0.00610816245733
2098,LPR,0.0348417364465
2099,MCM,0.0228440099475
2100,HGM,0.0245265173032
2101,MER,0.00796853851844
2102,MER,0.00263561726205
2103,UAX,0.0292189125924
2104,MCM,0.00405294823309
2105,MCM,0.0193014199579
2106,LAA,0.0148523016303
2107,MCM,0.00818917579971
2108,UAX,0.0400679118745
2109,BJU,0.0224653054937
2110,BJU,0.0242867348143
2111,MGH,0.0229087817219
2112,MGH,0.0258240502094
2113,MCM,0.0135049573191
2114,MCM,0.00875434845589
2115,MCM,0.00956993857123
2116,MCM,0.00873993083381
2117,MCM,0.00323571604044
2118,MCM,0.0180767143167
2119,MCM,0.0192996766212
2120,HGM,0.0198674533942
2121,MCM,0.019306253219
2122,CCA,0.0271397876091
2123,BJU,0.0210022763567
2124,IZT,0.0169536324703
2125,TEC,0.00955543776182
2126,HGM,0.0226779696258
2127,MCM,0.0103922461625
2128,HGM,0.0217302480439
2129,CAM,0.00199596639501
2130,MCM,0.00962838075035
2131,HGM,0.0215012286909
2132,MCM,0.00261940012217
2133,MCM,0.0239986560136
2134,MCM,0.0226799059956
2135,MGH,0.0242328999733
2136,MCM,0.0140635118511
2137,HGM,0.0209698537608
2138,SHA,0.0201160730204
2139,SHA,0.0190261913966
2140,HGM,0.0209698537608
2141,HGM,0.0261286238343
2142,COY,0.017441087727
2143,HGM,0.021500217268
2144,HGM,0.0204648648183
2145,MCM,0.00917489380062
2146,MCM,0.0140858231967
2147,MCM,0.00876414705405
2148,MCM,0.0103179915726
2149,SHA,0.0264642505816
2150,HGM,0.0208208654048
2151,UAX,0.0314347478636
2152,SJA,0.0285545134408
2153,BJU,0.0266034500725
2154,PED,0.0163268006641
2155,MER,0.0102253073597
2156,MCM,0.0112411705876
2157,MCM,0.0240186359067
2158,MCM,0.0053066746112
2159,MCM,0.0108378844748
2160,DIC,0.00381418939487
2161,SHA,0.0172109310292
2162,IZT,0.0220457922374
2163,CCA,0.013209234576
2164,BJU,0.0224423180871
2165,BJU,0.0229765714286
2166,MGH,0.0242438948558
2167,SFE,0.017934473644
2168,MGH,0.0271911775783
2169,BJU,0.0133920750985
2170,UAX,0.0286856404921
2171,SFE,0.0138961530068
2172,MGH,0.0243704118459
2173,MCM,0.00823028231958
2174,MER,0.0241681332588
2175,HGM,0.0209378024224
2176,HGM,0.0241126804385
2177,HGM,0.0272522203318
2178,MCM,0.00453835635817
2179,MER,0.00886221856309
2180,HGM,0.0272207221021
2181,MCM,0.0219598364805
2182,MCM,0.0145908840376
2183,NEZ,0.0111168800044
2184,UIZ,0.0184824070316
2185,MCM,0.00957919185858
2186,MCM,0.00317226692779
2187,MCM,0.0144634586657
2188,HGM,0.0245462028697
2189,MCM,0.00629263661751
2190,SHA,0.0210771281107
2191,SHA,0.0178217625391
2192,MCM,0.00385168873151
2193,MCM,0.0189770463849
2194,HGM,0.0208906614811
2195,SJA,0.0142634984842
2196,UIZ,0.0172273740883
2197,UIZ,0.0184104506666
2198,UIZ,0.0134304334673
2199,BJU,0.0144402093129
2200,HGM,0.0282847153498
2201,NEZ,0.0385172425327
2202,HGM,0.0229835409833
2203,HGM,0.0177094186122
2204,HGM,0.0235201934091
2205,HGM,0.0261883035621
2206,SFE,0.0118344302394
2207,PED,0.00940243864929
2208,HGM,0.021353071395
2209,SJA,0.0265135078624
2210,HGM,0.0147404961949
2211,MGH,0.0264596320801
2212,HGM,0.0171147533891
2213,DIC,0.000245193001274
2214,MCM,0.00957908536549
2215,HGM,0.0288632183961
2216,MCM,0.00902216152566
2217,MGH,0.0240869963872
2218,DIC,0.0109151835715
2219,COY,0.0184332745368
2220,TEC,0.00190623510623
2221,UIZ,0.0218533923662
2222,HGM,0.0289093619308
2223,MCM,0.0193054356818
2224,NEZ,0.0115332733937
2225,SJA,0.044454169775
2226,MER,0.0265357252406
2227,SJA,0.00572728180544
2228,SJA,0.0284940537363
2229,TEC,0.0291029237331
2230,TEC,0.0140376017784
2231,GAM,0.00475350697138
2232,HGM,0.0215085905928
2233,LAA,0.0128230397851
2234,TEC,0.0194927610317
2235,MCM,0.0189773460804
2236,GAM,0.0152142412443
2237,MCM,0.00577265077759
2238,BJU,0.0245574240957
2239,HGM,0.0218197439804
2240,BJU,0.0022815422765
2241,COY,0.015583828257
2242,HGM,0.0209494344444
2243,HGM,0.0204946800905
2244,HGM,0.0145536611785
2245,BJU,0.0239099342099
2246,NEZ,0.0120874311489
2247,BJU,0.0202058156158
2248,HGM,0.0218192471254
2249,HGM,0.0229949693121
2250,HGM,0.0215938381234
2251,MCM,0.0133603698901
2252,UAX,0.0465583885305
2253,CAM,0.0199679653418
2254,MCM,0.0122002245017
2255,DIC,0.00378419347417
2256,HGM,0.0214177612485
2257,BJU,0.023732743879
2258,UAX,0.029175584847
2259,UIZ,0.0253680138099
2260,IZT,0.0243802393252
2261,MCM,0.0168298726718
2262,MCM,0.00864092522623
2263,BJU,0.0276915008108
2264,BJU,0.00232720612967
2265,MPA,0.0407845883641
2266,HGM,0.00609627053943
2267,GAM,0.0200902333318
2268,MGH,0.0141419575088
2269,CCA,0.00710607071985
2270,HGM,0.0214759182058
2271,UAX,0.0203506656687
2272,UAX,0.0229920016512
2273,MCM,0.0217326298998
2274,BJU,0.0212524651288
2275,MCM,0.00794690975724
2276,MCM,0.0028034762989
2277,DIC,0.00777638177307
2278,DIC,0.00965987897603
2279,HGM,0.0253340731321
2280,HGM,0.0283981432477
2281,MCM,0.0185644784301
2282,HGM,0.0209359814332
2283,MCM,0.00278912477312
2284,UAX,0.0302689792054
2285,UAX,0.0302528206083
2286,MCM,0.0103862822207
2287,IZT,0.030564953496
2288,MCM,0.0193014499547
2289,IZT,0.0230510502045
2290,UAX,0.0224820856276
2291,MCM,0.00319095704924
2292,SHA,0.0174352764507
2293,SHA,0.0174305689522
2294,SJA,0.0186075964961
2295,MCM,0.0193080521288
2296,DIC,0.0231152816136
2297,BJU,0.0241899885319
2298,UAX,0.036985774198
2299,HGM,0.0209946503498
2300,HGM,0.0219247763501
2301,MCM,0.0232420667601
2302,HGM,0.0206735888708
2303,MCM,0.00319095704924
2304,UIZ,0.0176061431918
2305,EAJ,0.0614149465655
2306,MGH,0.0192256067199
2307,MGH,0.0241072825103
2308,SHA,0.0116363352095
2309,MGH,0.0202704578508
2310,NEZ,0.0245299037524
2311,EAL,0.0249928613008
2312,SJA,0.0264707127216
